id;day;textBoxId
1;1;10001
2;2;10002
3;3;10003
4;4;10004
5;5;10005
6;6;10006
7;7;10007
8;8;10008
9;9;10009
10;10;10010
11;11;10011
12;12;10012
13;13;10013
14;14;10014
15;15;10015
16;16;10016
17;17;10017
18;18;10018
19;19;10019
20;20;10020
21;21;10021
22;22;10022
23;23;10023
24;24;10024
25;25;10025
26;26;10026
27;27;10027
28;28;10028
29;29;10029
30;30;10030
31;31;10031
32;32;10032
33;33;10033
34;34;10034
35;35;10035
36;36;10036
37;37;10037
38;38;10038
39;39;10039
40;40;10040
41;41;10041
42;42;10042
43;43;10043
44;44;10044
45;45;10045
46;46;10046
47;47;10047
48;48;10048
